<?xml version="1.0" encoding="UTF-8" ?>
<configuration>

    <service uuid="1800">
        <description>Generic Access Profile</description>

        <characteristic uuid="2a00">
            <properties read="true" const="true" />
            <value>RPJ Pairing</value>
        </characteristic>

        <characteristic uuid="2a01">
            <properties read="true" const="true" />
            <value type="hex">0000</value>
        </characteristic>
    </service>
    
    <service type="primary" uuid="180A" id="manufacturer">
        <description>Device Information</description>

        <characteristic uuid="2A29">
            <description>Manufacturer Name String</description>
            <properties read="true" const="true" />
            <value>Robot Pajamas</value>
        </characteristic>

        <characteristic uuid="2A24">
            <description>Model Number String</description>
            <properties read="true" const="true" />
            <value>RPJ-1</value>
        </characteristic>
        
        <characteristic uuid="2A25" id="xgatt_serial_number">
            <description>Serial Number String</description>
            <properties read="true" />
            <value length="17" />
        </characteristic>

        <characteristic uuid="2A27">
            <description>Hardware Revision String</description>
            <properties read="true" const="true" />
            <value>RPJ-1</value>
        </characteristic>

        <characteristic uuid="2A26">
            <description>Firmware Revision String</description>
            <properties read="true" const="true" />
            <value>1.0.0</value>
        </characteristic>

        <characteristic uuid="2A28">
            <description>Software Revision String</description>
            <properties read="true" const="true" />
            <value>1.0.0</value>
        </characteristic>
    </service>
    
    <service uuid="00766963-6172-6173-6f6c-7574696f6e73">
        <description>Device Control</description>
        <characteristic uuid="01766963-6172-6173-6f6c-7574696f6e73" id="device_reset">
            <description>Device reset</description>
            <properties write_no_response="true" />
            <value length="1" />
        </characteristic>

        <!-- Returns a 1 - only for authenticated users -->
        <characteristic uuid="02766963-6172-6173-6f6c-7574696f6e73" id="xgatt_encrypted_value">
            <description>Encrypted Value</description>
            <properties read="true" authenticated_read="true" />
            <value length="1" type="user" />
        </characteristic>

    </service>
    
</configuration>
